﻿<?xml version="1.0" encoding="utf-8"?>
<ADM_Database xmlns:xsi="http://www.w3.org/2001/XMLSchema-instance" xmlns:xsd="http://www.w3.org/2001/XMLSchema">
  <ADM_Usuarios>
    <ADM_Usuario>
      <USU_Id>1</USU_Id>
      <USU_ENT_Id>1</USU_ENT_Id>
      <USU_Nome>UserOne</USU_Nome>
      <USU_Login>OneLogin</USU_Login>
      <USU_Senha>Password</USU_Senha>
      <USU_Bloqueado>true</USU_Bloqueado>
      <USU_DataAcesso>2024-04-03T11:32:59.8889901-03:00</USU_DataAcesso>
    </ADM_Usuario>
    <ADM_Usuario>
      <USU_Id>1</USU_Id>
      <USU_ENT_Id>1</USU_ENT_Id>
      <USU_Nome>UserOne</USU_Nome>
      <USU_Login>OneLogin</USU_Login>
      <USU_Senha>Password</USU_Senha>
      <USU_Bloqueado>true</USU_Bloqueado>
      <USU_DataAcesso>2024-04-03T11:32:59.8889901-03:00</USU_DataAcesso>
    </ADM_Usuario>
    <ADM_Usuario>
      <USU_Id>2</USU_Id>
      <USU_ENT_Id>1</USU_ENT_Id>
      <USU_Nome>UserTwo</USU_Nome>
      <USU_Login>TwoLogin</USU_Login>
      <USU_Senha>Password</USU_Senha>
      <USU_Bloqueado>true</USU_Bloqueado>
      <USU_DataAcesso>2024-04-03T11:32:59.8955253-03:00</USU_DataAcesso>
    </ADM_Usuario>
  </ADM_Usuarios>
  <ADM_Entidades>
    <ADM_Entidade>
      <ENT_Id>1</ENT_Id>
      <ENT_Nome>TesteEntidade</ENT_Nome>
      <ENT_Responsavel>TesteResponsavel</ENT_Responsavel>
      <ENT_TerminalPrefixo>50</ENT_TerminalPrefixo>
    </ADM_Entidade>
  </ADM_Entidades>
  <ADM_Perfis>
    <ADM_Perfil>
      <PER_Id>1</PER_Id>
      <PER_SIS_Id>1</PER_SIS_Id>
      <PER_Nome>TesteAdmProfile</PER_Nome>
    </ADM_Perfil>
  </ADM_Perfis>
  <ADM_UsuariosXPerfis>
    <ADM_UsuarioXPerfil>
      <USP_USU_Id>1</USP_USU_Id>
      <USP_PER_Id>1</USP_PER_Id>
    </ADM_UsuarioXPerfil>
    <ADM_UsuarioXPerfil>
      <USP_USU_Id>2</USP_USU_Id>
      <USP_PER_Id>1</USP_PER_Id>
    </ADM_UsuarioXPerfil>
  </ADM_UsuariosXPerfis>
  <ADM_Sistemas>
    <ADM_Sistema>
      <SIS_Id>1</SIS_Id>
      <SIS_Nome>Victor</SIS_Nome>
      <SIS_Link>http://teste.do.teste</SIS_Link>
    </ADM_Sistema>
  </ADM_Sistemas>
</ADM_Database>